Video ID,Song Title,Album Title,Artist Name 1,Artist Name 2,Artist Name 3,Artist Name 4,Artist Name 5,Artist Name 6,Artist Name 7,Artist Name 8,Artist Name 9,Artist Name 10,Artist Name 11,Artist Name 12,Artist Name 13,Artist Name 14,Artist Name 15,Artist Name 16,Artist Name 17,Artist Name 18
1IVtVY23u_I,Aanamale Kaatukulla,Kantara - Tamil (Original Motion Picture Soundtrack),B. Ajaneesh Loknath,Gold Devaraj,Palani Bharathi,Rishab Shetty,Sapthami Gowda,,,,,,,,,,,,,
rVqcPUQ2YXI,"Aasa Kooda (From ""Think Indie"")","Aasa Kooda (From ""Think Indie"")",Sai Abhyankkar,Sai Smriti,,,,,,,,,,,,,,,,
S1bx1DYwJEk,Aasa Kooda x Kamatchi,Aasa Kooda x Kamatchi,BARATO NATION,,,,,,,,,,,,,,,,,
YbpPXlQcZBM,"Aasa Orave (From ""Lubber Pandhu"")","Aasa Orave (From ""Lubber Pandhu"")",Sean Roldan,Harish Kalyan,Attakathi Dinesh,Sanjana K,,,,,,,,,,,,,,
zwnp3aqz9nc,"Aasa Pulla (From ""Youth"")","Aasa Pulla (From ""Youth"")",G. V. Prakash Kumar,Ken Karunaas,Eshwar,Anishma Anilkumar,Devadarshini Chetan,Suraj Venjaramoodu,Meenakshi Dinesh,Priyanshi Yadav,,,,,,,,,,
46oAM6da4WA,Aasai Dhosai,Paramasivam (Original Motion Picture Soundtrack),Priya Subramaniam,,,,,,,,,,,,,,,,,
Tapig4e6RQw,Aathula Oru Kaal,Innimey Ippadithaan (Original Motion Picture Soundtrack),Santhosh Dhayanidhi,Mahalingam,Thalapathi,Sapta,Santhanam,Akhila Kishore,Ashna Zaveri,,,,,,,,,,,
k7NfhqqlA0c,Adada Mazhaida,Paiya (Original Motion Picture Soundtrack),Yuvan Shankar Raja,Rahul Nambiar,Saindhavi,Na. Muthukumar,Karthi,Tamannaah Bhatia,,,,,,,,,,,,
LN_PJe_zCpI,Adi Athee,Adi Athee,Mugen Rao,,,,,,,,,,,,,,,,,
g1AzOk9Hjko,Adi Raangi,Saattai (Original Motion Picture Soundtrack),D. Imman,Santosh Hariharan,Anitha Karthikeyan,,,,,,,,,,,,,,,
JwYlN5pB7D0,Adiyae Ivalaey,Romeo Juliet (Original Motion Picture Soundtrack),D. Imman,Anthony Daasan,Madhan Karky,Hansika Motwani,Jayam Ravi,,,,,,,,,,,,,
F2GvCHmfvCI,Adiye,Bachelor,Dhibu Ninan Thomas,Kapil Kapilan,,,,,,,,,,,,,,,,
8hMx_2QsVgE,"Ae Le Le Etti Paarthale (From ""Naiyaandi"")","Ae Le Le Etti Paarthale (From ""Naiyaandi"")",Ghibran,Gold Devaraj,Leon D'souza,Sundar Narayana Rao,,,,,,,,,,,,,,
jhhnmpHmqdo,Agriculture Song,Kantara A Legend Chapter 1 - Tamil (Original Motion Picture Soundtrack),B. Ajaneesh Loknath,Sankarakumar P.S,Muthu Sirpi,,,,,,,,,,,,,,,
H0O6ULeKOBI,Ammadi Ammadi,Desingu Raja (Original Motion Picture Soundtrack),D. Imman,Shreya Ghoshal,Vimal,Bindu Madhavi,,,,,,,,,,,,,,
NIZCaA7EeNo,Ammadi Un Azhagu,Vellakkara Durai (Original Motion Picture Soundtrack),D. Imman,Sathya Prakash,Yugabharathi,Soori,Sri Divya,Vikram Prabhu,,,,,,,,,,,,
V4aDJ4kiSNw,Amsham - അംശം,Amsham - അംശം,Aksomaniac,M.H.R,Bhumi,Circle Tone,,,,,,,,,,,,,,
56dBN2Gca2o,Amsham Pinneyum,Amsham - അംശം,Aksomaniac,Circle Tone,,,,,,,,,,,,,,,,
is9J2yQRFRA,Andha Kanna Paathaakaa,Master (Original Motion Picture Soundtrack),Anirudh Ravichander,Yuvan Shankar Raja,Vignesh Shivan,Vijay,Malavika Mohanan,,,,,,,,,,,,,
J7F_PVlWA40,Angnyaade,Raja Rani (Original Motion Picture Soundtrack),G. V. Prakash,Shakthisree Gopalan,,,,,,,,,,,,,,,,
9nRvqemGydw,"Arabic Kuthu - Halamithi Habibo (From ""Beast"")","Arabic Kuthu - Halamithi Habibo (From ""Beast"")",Anirudh Ravichander,Jonita Gandhi,,,,,,,,,,,,,,,,
kORoa3ew5q8,"Aradhya (From ""Kushi"")","Aradhya (From ""Kushi"")",Jubin Nautiyal,Palak Muchhal,Samantha,Vijay Deverakonda,,,,,,,,,,,,,,
UaDMq5Wcd8A,Asku Maaro,Asku Maaro,Dharan Kumar,Sivaangi Krishnakumar,,,,,,,,,,,,,,,,
nFMmWbUDv04,Athana Azhagayum,Innimey Ippadithaan (Original Motion Picture Soundtrack),Santhosh Dhayanidhi,Varun Parandhaman,Sofia Ashraf,Santhanam,Akhila Kishore,Ashna Zaveri,,,,,,,,,,,,
ChYDYwIOXd4,"Athu Thalore (From ""Karuppu"")","Athu Thalore (From ""Karuppu"")",Sai Abhyankkar,Ananya Chakraborty,Adesh Krishna,,,,,,,,,,,,,,,
7Arvob1lR5w,Azhaga Aanazhaga,Innimey Ippadithaan (Original Motion Picture Soundtrack),Santhosh Dhayanidhi,Harini,Santhanam,Akhila Kishore,Ashna Zaveri,,,,,,,,,,,,,
lO24v5xIIko,"Baby Ma (From ""Mazaka"")","Baby Ma (From ""Mazaka"")",Leon James,Chandra Bose,,,,,,,,,,,,,,,,
0825mrO7QfA,Baby Nee Sugar,Baby Nee Sugar,Osho Venkat,Ashwin Kumar,Loslia,,,,,,,,,,,,,,,
5_tL6CJ7fhE,Bacha Bachikey,Parris Jeyaraj,Santhosh Narayanan,,,,,,,,,,,,,,,,,
MfTWob5Ii9k,"Beer Song (From ""Diesel"")","Beer Song (From ""Diesel"")",Dhibu Ninan Thomas,Gana Guna,Rokesh,,,,,,,,,,,,,,,
JeDkCoI9T14,"Brahmakalasha (From ""Kantara A Legend Chapter 1 - Tamil"")",Kantara A Legend Chapter 1 - Tamil (Original Motion Picture Soundtrack),B. Ajaneesh Loknath,Madhan Karky,Abby V,Rishab Shetty,Rukmini Vasanth,,,,,,,,,,,,,
ruUBRW5Yf18,Breakup Song,Naan Sirithal,Hiphop Tamizha,,,,,,,,,,,,,,,,,
UYPOPSLi1cY,Chandrachooda,Garuda Gamana Vrishabha Vahana (Original Motion Picture Soundtrack),Midhun Mukundan,Purandara Dasa,Siddhartha Belmannu,Raj B Shetty,Rishab Shetty,,,,,,,,,,,,,
tcwdfDyJ92Y,ChandraChooda,ChandraChooda,Raghuu,,,,,,,,,,,,,,,,,
f9AfSBcOOUc,"Chella Kalliye (From ""Parking"")","Chella Kalliye (From ""Parking"")",Sam C.S,Kapil Kapilan,,,,,,,,,,,,,,,,
Ggp8Pp7MoFo,Chellakuttiye (Avastha Love Song),Chellakuttiye (Avastha Love Song),Jecin George,Pearle Maaney,Srinish Aravind,,,,,,,,,,,,,,,
KDzN2UiiMIs,"Chillanjirukkiye (From ""Lubber Pandhu"")","Chillanjirukkiye (From ""Lubber Pandhu"")",Sean Roldan,Pradeep Kumar,Sivaangi Krishnakumar,Harish Kalyan,Attakathi Dinesh,Sanjana K,,,,,,,,,,,,
WYYqKv1lPvo,Chillax,Hits Of Vijay,Vijay Antony,Karthik,Charulatha Mani,Annamalai,Genelia,Hansika Motwani,,,,,,,,,,,,
bYVRuP_9TS0,Chinna Thamarai,Hits Of Vijay,Vijay Antony,Krish,Suchitra,Viveka,Anushka,,,,,,,,,,,,,
BDnNOv6Guds,Chinni Gundelo,Andhra King Taluka - Telugu,Mervin Solomon,Satya Yamini,,,,,,,,,,,,,,,,
pVj4kWvRZCU,"Chittuku Chittuku (From ""A1"")","Chittuku Chittuku (From ""A1"")",Santhosh Narayanan,,,,,,,,,,,,,,,,,
16nZ-kYyd0g,Choosale Kallara,Sr Kalyanamandapam,Sid Sriram,Chaitan Bharadwaj,Kiran Abbavaram,Priyanka Jawalkar,,,,,,,,,,,,,,
6JTIyRue8wk,Choosale Kallaraa,SR Kalyanamandapam (Original Motion Picture Soundtrack),Sid Sriram,Chaitan Bharadwaj,,,,,,,,,,,,,,,,
5jfmwMoTobk,Cute Ponnu,Enna Solla Pogirai,Anirudh Ravichander,Vivek Siva,,,,,,,,,,,,,,,,
yg9kJZ7GB3A,Daavudi,Devara Part 1 - Tamil,Nakash Aziz,Ramya Behara,,,,,,,,,,,,,,,,
2ZedAROncPM,"Dheema (From ""Love Insurance Kompany"")","Dheema (From ""Love Insurance Kompany"")",Anirudh Ravichander,Pradeep Ranganathan,Krithi Shetty,S.J. Suryah,Yogi Babu,,,,,,,,,,,,,
V-a8dUUf2NI,"Edho Solla (From ""Murungakkai Chips"")","Edho Solla (From ""Murungakkai Chips"")",Dharan Kumar,Sid Sriram,Shanthanu Bhagyaraj,Athulya Ravi,,,,,,,,,,,,,,
EvLrAJNxqns,En Kadhal Solla,Paiya (Original Motion Picture Soundtrack),Yuvan Shankar Raja,Tanvi Shah,Na. Muthukumar,Karthi,Tamannaah Bhatia,,,,,,,,,,,,,
mGiaT2gOoC4,"En Kannu Kulla (From ""Appuchi Graamam"")",Love,Varun Vishwa,,,,,,,,,,,,,,,,,
agYHmR1T_60,En Moochum Venam,Burma (Original Motion Picture Soundtrack),Ranjith,,,,,,,,,,,,,,,,,
r70357U6YSw,En Nenjil,Baana Kaathadi (Original Motion Picture Soundtrack),Yuvan Shankar Raja,Sadhana Sargam,Atharvaa,Samantha,,,,,,,,,,,,,,
3rxR3EFBczQ,Enna Oru Enna Oru,Pattatthu Yaanai (Original Motion Picture Soundtrack),Thaman S,Karthik,Vishal,Aishwarya Arjun,Santhanam,,,,,,,,,,,,,
Wl4oLJ_i71M,Eppadi Suham Amu Song (DJ Version 2),Eppadi Suham Amu Song (DJ Version 2),Sanjeew Lonliyes,,,,,,,,,,,,,,,,,
pheZNEJrmXg,Gaandu Kannamma,Gaandu Kannamma,Vivek - Mervin,Ku Karthik,,,,,,,,,,,,,,,,
XaDKElYStBw,"Golden Sparrow (From ""Nilavuku En Mel Ennadi Kobam"")","Golden Sparrow (From ""Nilavuku En Mel Ennadi Kobam"")",G. V. Prakash Kumar,Arivu,Dhanush,Sublahshini,Pavish,Anikha Surendran,Priya Prakash Varrier,Matthew Thomas,Venkatesh Menon,Rabiya Khatoon,Ramya Ranganathan,,,,,,,
ibxlnXAsmHM,Gore Gore,Moscowin Kaveri (Original Motion Picture Soundtrack),Thaman S,Karthik,Suchitra,,,,,,,,,,,,,,,
8uA8J6O34Cg,Graamatthu Ponnu,Graamatthu Ponnu,Viveck Ji,Shantra,,,,,,,,,,,,,,,,
8_riOFhwAw4,Gulabi Sadi,Gulabi Sadi,Sanju Rathod,G - SPXRK,,,,,,,,,,,,,,,,
BtUZMVi0Hqo,Gundellonaa,"Gundellonaa (From ""Ori Devuda"")",Leon James,Anirudh Ravichander,,,,,,,,,,,,,,,,
mvNnG1ksQ_8,Gundumalli,Gundumalli,Jerard Felix,Nithyashree Venkataramanan,,,,,,,,,,,,,,,,
OkwOAuOXEBY,Har Har Mahadev,Har Har Mahadev,Sachet Tandon,Parampara Tandon,,,,,,,,,,,,,,,,
ufvHrdzR2wQ,He Semmandha Azhage,Kantara - Tamil (Original Motion Picture Soundtrack),B. Ajaneesh Loknath,Haricharan,Chinmayi Sripada,Palani Bharathi,Rishab Shetty,Sapthami Gowda,,,,,,,,,,,,
OJLWj10MC_A,"Hey Minnale (From ""Amaran"") (Tamil)","Hey Minnale (From ""Amaran"") (Tamil)",G. V. Prakash Kumar,Haricharan,Shweta Mohan,Karthik Netha,Sivakarthikeyan,Sai Pallavi,Bhuvan Arora,,,,,,,,,,,
gQOfBUNrQxk,"Hey Penne (From ""Kattappava Kanom"")","Hey Penne (From ""Kattappava Kanom"")",Santhosh Dhayanidhi,Sid Sriram,Alisha Thomas,Aishwarya Kumar,Uma Devi,Iyshwarya Rajesh,Sibi Raj,,,,,,,,,,,
TdcsTFxELks,Hey Singari,Hey Singari,Arul Raj,G.V. Prakash Kumar,,,,,,,,,,,,,,,,
f7gsjpV07UA,Ichu Ichu,Vedi (Original Motion Picture Soundtrack),Vijay Antony,Sangeetha Rajeshwaran,,,,,,,,,,,,,,,,
yu-OVDtZnro,Idhayane,Velaikkaran (Original Motion Picture Soundtrack),Anirudh Ravichander,Neeti Mohan,,,,,,,,,,,,,,,,
QHtdf2WwXzI,"Idhu Dhaan (From ""Sivappu Manjal Pachai"")","Idhu Dhaan (From ""Sivappu Manjal Pachai"")",Shashaa Tirupati,Naresh Iyer,,,,,,,,,,,,,,,,
2go3FwNMP70,Idhu Varai,Goa (Original Motion Picture Soundtrack),Yuvan Shankar Raja,Ajesh,Andrea Jeremiah,Gangai Amaran,,,,,,,,,,,,,,
uhxaHILp0yo,Inayae,Thadam,"Sid Sriram, Padmalatha",,,,,,,,,,,,,,,,,
8rcMJdTxOy8,Innimey Ippadithaan,Innimey Ippadithaan (Original Motion Picture Soundtrack),Santhosh Dhayanidhi,Karthik,Aishvarrya,Madhan Karky,Santhanam,Akhila Kishore,Ashna Zaveri,,,,,,,,,,,
jC9yLqB80rU,Ippadi Mazhai,Vedi (Original Motion Picture Soundtrack),Vijay Antony,Karthik,Saindhavi,,,,,,,,,,,,,,,
_MnJIbwX6MY,"Jaalakaari (From ""Balti"")","Jaalakaari (From ""Balti"")",Sai Abhyankkar,Sublahshini,Vinayak Sasikumar,,,,,,,,,,,,,,,
uZFy1T9m0dQ,"Jal Jal Jal Oosai (From ""Manam Kothi Paravai"")",Manam Kothi Paravai (Original Motion Picture Soundtrack),Aalaap Raju,Surmukhi,D. Imman,,,,,,,,,,,,,,,
bMb_bUHTWpY,"Jalabulajangu (From ""Don"")","Jalabulajangu (From ""Don"")",Anirudh Ravichander,Rokesh,Sivakarthikeyan,Priyanka Arul Mohan,,,,,,,,,,,,,,
xbs1dOl13GA,K For Kabaradakkam - South Indian Hip Hop,K For Kabaradakkam - South Indian Hip Hop,Jeruson,Asal Kolaar,,,,,,,,,,,,,,,,
7zVIRtVNbJs,"K For Kabaradakkam (From ""Guruvayoorambala Nadayil"")","K For Kabaradakkam (From ""Guruvayoorambala Nadayil"")",Ankit Menon,Asal Kolaar,Vinayak Sasikumar,,,,,,,,,,,,,,,
JZHBd65dKJ4,"Kaadhal En Kaviye (From ""Salmon 3D"")","Kaadhal En Kaviye (From ""Salmon 3D"")",Sid Sriram,Sreejith Edavana,,,,,,,,,,,,,,,,
NKhRBaFlwrU,"Kaadhal Yaathiriye (From ""Think Indie"")","Kaadhal Yaathiriye (From ""Think Indie"")",Rudh,Sanjeeta Bhattacharya,Thamizh Aadhavan,,,,,,,,,,,,,,,
UAo7TihZOqY,"Kaalathukkum Nee Venum (From ""Vendhu Thanindhathu Kaadu"")","Kaalathukkum Nee Venum (From ""Vendhu Thanindhathu Kaadu"")",A.R. Rahman,Silambarasan TR,Rakshita Suresh,,,,,,,,,,,,,,,
MAimWF25goI,Kaalbhairav Ashtakam,Kaalbhairav Ashtakam,Agam Aggarwal,,,,,,,,,,,,,,,,,
L_EL5KnwHyY,Kaamaatchi,Kaamaatchi,Sunder Chandran,,,,,,,,,,,,,,,,,
AxWDK9O0dhc,Kaathirunthaai Anbe,Naveena Saraswathi Sabatham (Original Motion Picture Soundtrack),Chinmayi,Nivas,Abay Jodhpurkar,,,,,,,,,,,,,,,
IBdz-92dPLg,Kaatrilae,Mudhal Nee Mudivum Nee (Original Motion Picture Soundtrack),Darbuka Siva,Nakul Abhyankar,Harish Kumar,Meetha Raghunath,,,,,,,,,,,,,,
a4uiQqKgyzA,"Kaattu Shenbagam (From ""Pallichattambi (Tamil)"")","Kaattu Shenbagam (From ""Pallichattambi (Tamil)"")",Jakes Bejoy,Akhil J. Chand,Aavani Malhar,Mohan Rajan,Tovino Thomas,Kayadu Lohar,,,,,,,,,,,,
UqXEGGZzwSg,"Kaattuchembakam (From ""Pallichattambi"")","Kaattuchembakam (From ""Pallichattambi"")",Jakes Bejoy,Vishal Mishra,Aavani Malhar,Kaithapram,Tovino Thomas,Kayadu Lohar,,,,,,,,,,,,
U5HgijMIQCw,"Kaavaa Ulla (From ""Parris Jeyaraj"")","Kaavaa Ulla (From ""Parris Jeyaraj"")",Santhosh Narayanan,Asal Kolaar,,,,,,,,,,,,,,,,
3z5LX_2PlPg,Kacheri Kacheri,Kacheri Aarambam,Mukesh,Madhushree,,,,,,,,,,,,,,,,
cV4mr6_Jt68,"Kadhal Psycho (From ""Saaho"")","Kadhal Psycho (From ""Saaho"")",Dhvani Bhanushali,Tanishk Bagchi,Anirudh Ravichander,Mahesh Manjrekar,Tinu Anand,Shraddha Kapoor,Jackie Shroff,Murli Sharma,Arun Vijay,Chunky Pandey,Neil Nitin Mukesh,Mandira Bedi,Lal,Prabhas,Supreeth,Vennela Kishore,Prakash Belavadi,Evelyn Sharma
0SyUSYQ_eck,"Kalloorum (From ""Veera Dheera Sooran"")","Kalloorum (From ""Veera Dheera Sooran"")",G. V. Prakash,Haricharan,Shweta Mohan,Vivek,,,,,,,,,,,,,,
TijBIPD4Jbw,KALYANI,KALYANI,ARJN,KDS,FIFTY4,RONN,,,,,,,,,,,,,,
zAiIgYOH4Ys,KALYANI (Remix),KALYANI (Remix),ARJN,KDS,FIFTY4,Shreya Ghoshal,,,,,,,,,,,,,,
XjJK1XUokbQ,Kan Rendum,Poriyaalan (Original Motion Picture Soundtrack),M.S. Jones,G.V. Prakash Kumar,Saindhavi,Harish Kalyan,Rakshithaa,,,,,,,,,,,,,
EmUQoy1VzBM,Kanaga,Kanaga,Thishon Vijayamohan,Vaaheesan Rasaiya,Advik Uthayakumar,,,,,,,,,,,,,,,
58YbiM-XNvQ,Kanave Kanave,Sketch,Chiyaan Vikram,,,,,,,,,,,,,,,,,
z4qsLE2_uw0,Kanda Kanavu,Kanda Kanavu,Anand Kashinath,,,,,,,,,,,,,,,,,
CDqvDPmfUo0,Kandaangi Kandaangi,Jilla,Vijay,Sherya Ghosal,,,,,,,,,,,,,,,,
fw4Cf936zoE,Kanimaa,Retro,Santhosh Narayanan,The Indian Choral Ensemble,,,,,,,,,,,,,,,,
e8OJaN4BSZE,Kanna Veesi,Kadhal Ondru Kanden,SiddhuKumar,Rahul,Srinisha Jayaseelan,Vignesh Ramakrishna,Punith,,,,,,,,,,,,,
5j0sdYjT_5c,Kannadasa,Thavam,Mahalakshmi Iyer,,,,,,,,,,,,,,,,,
I1t0kLgrecE,Kannadi Poove,Retro,Santhosh Narayanan,,,,,,,,,,,,,,,,,
0ZHKFxHGkxo,Kannadi Poovukku,Enakku Vaaitha Adimaigal (Original Motion Picture Soundtrack),Santhosh Dhayanidhi,Kabilan,Haricharan,Jonita Gandhi,,,,,,,,,,,,,,
h1Dy1_231Sc,Kannala,Kannala,Madrasi,,,,,,,,,,,,,,,,,
9D77tp-SuGI,Kannamma,Ispade Rajavum Idhaya Raniyum,Anirudh Ravichander,,,,,,,,,,,,,,,,,
QjDrX26rGps,Kanne Kanne (Madras Gig),Kanne Kanne (Madras Gig),Leon James,Jonita Gandhi,,,,,,,,,,,,,,,,
52F9tnKSw4A,Kannukulla,"Kannukulla (From ""Dude"")",Sai Abhyankkar,Jonita Gandhi,Adesh Krishna,,,,,,,,,,,,,,,
HE_TkK_fCew,Kannumuzhi,Mask,Anthony Daasan,Sublahshini,,,,,,,,,,,,,,,,
fZP2GvD2TyE,"Kantara Chapter - 1 Trailer Theme (From ""Kantara A Legend Chapter 1 - Tamil"")",Kantara A Legend Chapter 1 - Tamil (Original Motion Picture Soundtrack),B. Ajaneesh Loknath,Rishab Shetty,Rukmini Vasanth,,,,,,,,,,,,,,,
7SJ2i7xNR5g,Karigalan,Hits Of Vijay,Vijay Antony,Surchith,Sangeetha Rajeshwaran,Kabilan,Anushka,,,,,,,,,,,,,
bWFBhtoJzA0,Karma Song,Kantara A Legend Chapter 1 - Tamil (Original Motion Picture Soundtrack),B. Ajaneesh Loknath,Sankarakumar P.S,Venkatesh D. C.,,,,,,,,,,,,,,,
WIbmUGWykTw,"Karuppa Kooda Va (From ""Karuppu"")","Karuppa Kooda Va (From ""Karuppu"")",Sai Abhyankkar,V.M. Mahalingam,Pa. Vijay,,,,,,,,,,,,,,,
Z0S8OOhuhIE,"Katchi Sera (From ""Think Indie"")","Katchi Sera (From ""Think Indie"")",Sai Abhyankkar,,,,,,,,,,,,,,,,,
DeRKDHsfx8g,"Kiliye (From ""ARM"")","Kiliye (From ""ARM"")",Dhibu Ninan Thomas,Kapil Kapilan,Anila Rajeev,,,,,,,,,,,,,,,
OrWFN1GCH4g,"Kiliye (From ""ARM"")","Kiliye (From ""ARM"")",Dhibu Ninan Thomas,K.S. Harisankar,Anila Rajeev,,,,,,,,,,,,,,,
KSrQx5LQRzU,Kutty Kudiye,Premalu - Tamil (Original Motion Picture Soundtrack),Vishnu Vijay,,,,,,,,,,,,,,,,,
X-AjdzL0_xg,Kutty Pattas,Kutty Pattas,Santhosh Dhayanidhi,Rakshita Suresh,A.Pa. Raja,,,,,,,,,,,,,,,
0qXI2lVMd5s,"Loveah Sollitalea (From ""Youth"")","Loveah Sollitalea (From ""Youth"")",G. V. Prakash Kumar,Ken Karunaas,Eshwar,Anishma Anilkumar,Devadarshini Chetan,Suraj Venjaramoodu,Priyanshi Yadav,Meenakshi Dinesh,,,,,,,,,,
GsyNafD9tXM,"Maara Makka (From ""Think Indie"")","Maara Makka (From ""Think Indie"")",rudh,,,,,,,,,,,,,,,,,
g3tDx7Jud3E,Maate Vinadhuga,Taxiwaala,Sid Sriram,,,,,,,,,,,,,,,,,
cXLVViWpzT4,Maatikichu,Meesaya Murukku,V.M. Mahalingam,,,,,,,,,,,,,,,,,
t1jTrF_KnsA,"Maatikkinaaru Orutharu (From ""Dragon"")","Maatikkinaaru Orutharu (From ""Dragon"")",Leon James,Gana Apellow,,,,,,,,,,,,,,,,
J43a77gXBT4,Makkayala,Naan,Krishan Maheson,Mark,Shakthi Shree,,,,,,,,,,,,,,,
7MU-6gUbicc,Malai Mangum Neram,Rowthiram (Original Motion Picture Soundtrack),Ranina Reddy,,,,,,,,,,,,,,,,,
IMONolvzuAE,Malai Mangum Neram,Rowthiram,Ranina Reddy,,,,,,,,,,,,,,,,,
XJLd1Ooq_c8,"Manasilaayo (From ""Vettaiyan"")","Manasilaayo (From ""Vettaiyan"")",Anirudh Ravichander,Malaysia Vasudevan,Yugendran Vasudevan,Deepthi Suresh,Rajinikanth,Amitabh Bachchan,Fahadh Faasil,Rana Daggubati,Manju Warrier,Ritika Singh,Dushara Vijayan,,,,,,,
KqMmduHuOV0,Manidhanin Payanathil,Kantara - Tamil (Original Motion Picture Soundtrack),B. Ajaneesh Loknath,Venky DC,Palani Bharathi,Rishab Shetty,Sapthami Gowda,,,,,,,,,,,,,
Zv2CHQfnCKU,"Marandhu Poche (From ""With Love"")","Marandhu Poche (From ""With Love"")",Sean Roldan,Adithya RK,Madhan,Abishan Jeevinth,Anaswara Rajan,,,,,,,,,,,,,
xO_hY1G4QEk,Marankothi,Marankothi,Sahi Siva,Sinduri Vishal,,,,,,,,,,,,,,,,
l7nVI8IeYwU,Mayakirriye,Mayakirriye,Anivee,Anirudh Ravichander,,,,,,,,,,,,,,,,
kPdRANZetiE,Mayam Seidhayo,Hits Of Vijay,Vijay Antony,Sangeetha Rajeshwaran,Genelia,Hansika Motwani,,,,,,,,,,,,,,
6xGyu3_JoMw,Mazhai Varum (Female),Veppam (Original Motion Picture Soundtrack),Joshua Sridhar,Suzanne D'Mello,Naani,Nithya Menen,Karthik Kumar,Bindu Madhavi,,,,,,,,,,,,
eNNpw3_5X7E,Mazhaiye Mazhaiye,Eeram (Original Motion Picture Soundtrack),SS Thaman,Aadhi,Nandha,Sindhu Menon,Saranya,,,,,,,,,,,,,
faab76ogrXA,Mazhakaatha,Oru Oorula Rendu Raja (Original Motion Picture Soundtrack),D. Imman,Haricharan,Vandana Srinivasan,Maria Roe Vincent,Vimal,Priya Anand,Soori,,,,,,,,,,,
03Ci28nCKR0,Medhakavitta Medhakavitta,Ivan Thanthiran,"Yazin, Sanjana Kalmanji",,,,,,,,,,,,,,,,,
F_MWmeU39JY,"Meyya Mummari (From ""Chennai City Gansters"")","Meyya Mummari (From ""Chennai City Gansters"")",Karthik,D Imman,Karthik Netha,,,,,,,,,,,,,,,
wqS6LjwosFg,Mini Maharani,Premalu - Tamil (Original Motion Picture Soundtrack),Vishnu Vijay,,,,,,,,,,,,,,,,,
fHMW92JZzKE,"Minnal Adikudhadi (From ""Double Occupancy"")","Minnal Adikudhadi (From ""Double Occupancy"")",Sam C.S.,Adithya RK,Swetha Prabakaran,,,,,,,,,,,,,,,
lfcu9is7K18,"Minnalena (From ""Narivettai"")","Minnalena (From ""Narivettai"")",Akhil J. Chand,Gayathry Rajiv,Mohan Rajan,Jakes Bejoy,Tovino Thomas,Suraj Venjaramoodu,Cheran,Rini Udayakumar,,,,,,,,,,
-76FUKpIz_g,"Minnalvala (From ""Narivetta"")","Minnalvala (From ""Narivetta"")",Jakes Bejoy,Sid Sriram,Sithara Krishnakumar,Tovino Thomas,Suraj Venjaramoodu,Cheran,Rini Udayakumar,,,,,,,,,,,
wdMQcp_0iv8,Mobila Mobila,Rendu,D Imman,Maya,,,,,,,,,,,,,,,,
ZJyEoPusaCc,Molachu Moonu,Hits Of Vijay,Vijay Antony,V.V. Prassanna,Supriya Joshi,Viveka,Genelia,Hansika Motwani,,,,,,,,,,,,
NhQfFyByuUU,Morattu Single,Natpe Thunai,"Hiphop Tamizha, Sathyaprakash",,,,,,,,,,,,,,,,,
1iDeVvE3G9A,Mudhal Nee Mudivum Nee Title Track,Mudhal Nee Mudivum Nee (Original Motion Picture Soundtrack),Darbuka Siva,Sid Sriram,Thamarai,Harish Kumar,Meetha Raghunath,,,,,,,,,,,,,
HndZrAOzd9E,"Mudhal Nee Mudivum Nee Title Track (From ""Mudhal Nee Mudivum Nee"")","Mudhal Nee Mudivum Nee Title Track (From ""Mudhal Nee Mudivum Nee"")",Darbuka Siva,Sid Sriram,Thamarai,Harish Kumar,Meetha Raghunath,,,,,,,,,,,,,
89fuNN-ezEo,Mustaache Vestaache,Parris Jeyaraj,Santhosh Narayanan,Asal Kolaar,,,,,,,,,,,,,,,,
_WACWYMppBY,Muttaalaai Muttaalaai,Yennamo Yedho (Original Motion Picture Soundtrack),D. Imman,Maria Roe Vincent,Madhan Karky,Gautham Karthik,Rakul Preet Singh,Nikesha Patel,,,,,,,,,,,,
2U2CUB_Cm4I,Muttaama Muttikkittu,Muttaama Muttikkittu,AniVee,,,,,,,,,,,,,,,,,
kLbzSEOE84M,Naan Nadandhal Adhiradi,Hits Of Vijay,Mani Sharma,Naveen Madhav,Janani Madhan,Vijay,Tamannaah Bhatia,,,,,,,,,,,,,
ODVP-yer3uI,Nadhiye,The Girlfriend - Tamil,Hesham Abdul Wahab,,,,,,,,,,,,,,,,,
kbV196UN0SI,Naetru Naan,Jeeva (Original Motion Picture Soundtrack),D. Imman,Sathya Prakash,Madhan Karky,Soori,Sri Divya,Viishnu Vishal,,,,,,,,,,,,
n8TzilDacIo,"Nallaru Po (From ""Dude"")","Nallaru Po (From ""Dude"")",Sai Abhyankkar,Tippu,Mohit Chauhan,Vivek,,,,,,,,,,,,,,
5JEJ5QsJczw,Namaskartha Mantra,Namaskartha Mantra,Agam Aggarwal,,,,,,,,,,,,,,,,,
CapdKtQKmcY,Namma Thamizh Folku,DADA (Original Motion Picture Soundtrack),vaisagh,,,,,,,,,,,,,,,,,
lsbUoT4P35E,Nan Adicha,Hits Of Vijay,Vijay Antony,Shankar Mahadevan,Kabilan,Anushka,,,,,,,,,,,,,,
Ezf224c_FCU,"Narumugaye (From ""Iruvar"")",Golden Collections of Unnikrishnan Vol-1,A.R. Rahman,P. Unnikrishnan,Bombay Jayashree,,,,,,,,,,,,,,,
whZRqfFNI9E,"Narumugaye (From ""Sundaattam"")",My Favourite Tamil Melodies,Britto,Aalap Raju,Madhubala,,,,,,,,,,,,,,,
54j7ZkvoQlc,Nedunaal,Mudhal Nee Mudivum Nee (Original Motion Picture Soundtrack),Darbuka Siva,Sreekanth Hariharan,Harish Kumar,Meetha Raghunath,,,,,,,,,,,,,,
PZRBwfij87I,Nee Yeppo Pulla,Kumki (Original Motion Picture Soundtrack),D. Imman,Alphons Joseph,Yugabharathi,,,,,,,,,,,,,,,
AaROjXD7Jzw,Neel Koadugaal (An Ode to Time),Mudhal Nee Mudivum Nee (Original Motion Picture Soundtrack),Darbuka Siva,Bombay Jayashri,Dima El Sayed,Harish Kumar,Meetha Raghunath,,,,,,,,,,,,,
1HaSEo0uhMk,Neelangarayil (Version 1),Pulivaal (Original Motion Picture Soundtrack),N.R. Raghunanthan,Vairamuthu,Karthik,Shreya Ghoshal,,,,,,,,,,,,,,
qIQKH6aLxqU,"Nenjame (From ""Doctor"")","Nenjame (From ""Doctor"")",Anirudh Ravichander,Sivakarthikeyan,Priyanka Arul Mohan,,,,,,,,,,,,,,,
nI6dLh4am9U,"Nenjil Mamazhai (From ""Nimir"")","Nenjil Mamazhai (From ""Nimir"")",B. Ajaneesh Loknath,Haricharan,Shweta Mohan,Udhayanidhi Stalin,Namitha Pramod,,,,,,,,,,,,,
BkQlg16ffUU,Nenjin Ezhuth,Nenjin Ezhuth,Adarsh Krishnan N,Vidya Lakshmi G,,,,,,,,,,,,,,,,
1nfBQkod0gc,Nenjoramaa,Nenjoramaa,Lokesh Narayana,Jothi Kanna,,,,,,,,,,,,,,,,
U8xBXiKWVs4,Nenjukkulle,Sundarapandiyan (Original Motion Picture Soundtrack),Saindhavi,,,,,,,,,,,,,,,,,
f6q6ty7w5EI,Nijamellam Maranthupochu,Ethir Neechal (Original Motion Picture Soundtrack),Anirudh Ravichander,Dhanush,Sivakarthikeyan,Priya Anand,,,,,,,,,,,,,,
KTckj7e_pgk,Nilave,The Girlfriend - Malayalam,Hesham Abdul Wahab,,,,,,,,,,,,,,,,,
cCQ_l4BDRQk,Nira,Takkar,"Sid Sriram, Gautham Vasudev Menon, Malvi Sundaresan",,,,,,,,,,,,,,,,,
ayeWrgccfvQ,O Pilaga Venkati,O Pilaga Venkati,Singer Prabha,,,,,,,,,,,,,,,,,
854nrAaf0dc,"Oh Baby Girl (From ""Maalai Pozhudhin Mayakathilaey"")",Sony Music Premier League: Ultimate Dance Collection,Achu,Hemachandra,,,,,,,,,,,,,,,,
w4x6yl5BBvo,Oh Baby Girl X Nijamellam Maranthupochu,Oh Baby Girl X Nijamellam Maranthupochu,Binu Shiva,Achu,Anirudh Ravichander,Hemachandra Vedala,Dhanush,,,,,,,,,,,,,
1FdMm_O7it8,One Love,One Love,Shubh,,,,,,,,,,,,,,,,,
phDmHdQAPyo,Ora Kannala,Ora Kannala,AK Sekaren,,,,,,,,,,,,,,,,,
t9reZ_bV_98,ORU KAVI NAAN ELUDHUGIREN,ORU KAVI NAAN ELUDHUGIREN,harrishkrish,jeeva,mohen,nafees,syedsa,,,,,,,,,,,,,
UUXo7nu8WFs,Orumurai Piranthaen (new),Nenjirukkum Varai,"Hariharan, Sadhana Sargam",,,,,,,,,,,,,,,,,
vw9iWZr-mZk,Oruthi,Sweetheart (Original Motion Picture Soundtrack),Adithya RK,Yuvan Shankar Raja,Vignesh Ramakrishna,,,,,,,,,,,,,,,
kQgg7ndG1_k,Otha Thamarai (Original Soundtrack),Otha Thamarai (Original Soundtrack),Bala,Nixen,Sandy,,,,,,,,,,,,,,,
WHGFfb-TQyA,Paatha Edathila,Paatha Edathila,808Krshna,Sublahshini,Adesh Krishna,,,,,,,,,,,,,,,
8Rz9gtHA9qY,Paatha Oru Lookula,Innimey Ippadithaan (Original Motion Picture Soundtrack),Santhosh Dhayanidhi,Gana Bala,Santhanam,Akhila Kishore,Ashna Zaveri,,,,,,,,,,,,,
AZUY--EuBaM,"Paisa Note (From ""Comali"")","Paisa Note (From ""Comali"")",Hiphop Tamizha,Pradeep Ranganathan,Mobin,Gana Kavi,Jayam Ravi,Kajal Agarwal,,,,,,,,,,,,
UOk8wZ3Q1co,"Paranthene Penne (From ""Youth"")","Paranthene Penne (From ""Youth"")",G. V. Prakash Kumar,Sony Daffodil,Vignesh Srikanth,Ken Karunaas,Anishma Anilkumar,Suraj Venjaramoodu,Meenakshi Dinesh,Priyanshi Yadav,Devadarshini Chetan,,,,,,,,,
1gMvCB3rjVM,"Past is Past (From ""Think Indie"")","Past is Past (From ""Think Indie"")",vaisagh,,,,,,,,,,,,,,,,,
okCsCQPJPuc,Paththavaikkum,Devara Part 1 - Tamil,Deepthi Suresh,,,,,,,,,,,,,,,,,
Hq6OZBBOkTI,"Pattuma (From ""Love Insurance Kompany"")","Pattuma (From ""Love Insurance Kompany"")",Anirudh Ravichander,Ananthakrrishnan,Vignesh ShivN,Pradeep Ranganathan,Krithi Shetty,S.J. Suryah,Yogi Babu,,,,,,,,,,,
tOaizzQG8Cw,"Pavazha Malli (From ""Think Indie"")","Pavazha Malli (From ""Think Indie"")",Sai Abhyankkar,Shruti Haasan,Vivek,,,,,,,,,,,,,,,
4URIjSg6o3o,Peelings,Pushpa 2 The Rule - Tamil,Senthil Ganesh,Rajalakshmi,,,,,,,,,,,,,,,,
9BZjN604mvo,Peelings,Pushpa 2 The Rule - Telugu,Shankarr Babu Kandukoori,Laxmi Dasa,,,,,,,,,,,,,,,,
rJhWOPrHtd8,Penne O Penne,Naan Sigappu Manithan (Original Motion Picture Soundtrack),G.V. Prakash Kumar,Vandana Srinivasan,Al Rufian,Vishal,Lakshmi Menon,,,,,,,,,,,,,
3B3Qns3giEg,Pia.. Pia..,Ninaithale Inikkum (Original Motion Picture Soundtrack),Vijay Antony,Annamalai,Prithivraj,Shakkthi Vasudevan,Priya Mani,,,,,,,,,,,,,
u-dZvk2ZB_4,Pogave Nee Pogavee,Pogave Nee Pogavee,Sarav,anand aravindakshan,,,,,,,,,,,,,,,,
AmHzSaguRiI,Ponnumkasavittu,Queen (Original Motion Picture Soundtrack),Jakes Bejoy,Neha S Nair,Niyas Backer,Dhruvan Dhruv,Leona Leshoy,,,,,,,,,,,,,
Q1fRzvxyIJM,Pothavillaye,Mudinja Ivana Pudi,Shreya Ghoshal,Sakthi Amaran,Kichha Sudeep,Nithya Menen,,,,,,,,,,,,,,
fEc4PsPJXfg,"Pottala Muttaye (From ""Thalaivan Thalaivii"")","Pottala Muttaye (From ""Thalaivan Thalaivii"")",Sublahshini,Vivek,Santhosh Narayanan,,,,,,,,,,,,,,,
o0u2X-uyc-8,Pudhidhaai,Mudhal Nee Mudivum Nee (Original Motion Picture Soundtrack),Darbuka Siva,Jonita Gandhi,Harish Kumar,Meetha Raghunath,,,,,,,,,,,,,,
4m_8Opl_780,"Puli Manga Pulip (From ""Parris Jeyaraj"")","Puli Manga Pulip (From ""Parris Jeyaraj"")",Santhosh Narayanan,Gana Muthu,,,,,,,,,,,,,,,,
Bpl1a8Oty0w,Raati (Madras Gig),Raati (Madras Gig),Santhosh Dhayanidhi,Bamba Bakya,Mohanrajan,,,,,,,,,,,,,,,
1qCHtPXVyuQ,Rasaathi Nenja (Madras Gig Season 2),Rasaathi Nenja (Madras Gig Season 2),Yuvan Shankar Raja,Dharan Kumar,,,,,,,,,,,,,,,,
GjoJfLi6bjA,"Rebel Song (From ""Kantara A Legend Chapter 1 - Tamil"")",Kantara A Legend Chapter 1 - Tamil (Original Motion Picture Soundtrack),B. Ajaneesh Loknath,Pazhani Bharathi,Muthu Sirpi,Rishab Shetty,Rukmini Vasanth,,,,,,,,,,,,,
Ir_z0GGfvGU,Rekkai Mulaiththen,Sundarapandiyan (Original Motion Picture Soundtrack),G.V. Prakash Kumar,Shreya Goshal,Madhan Karky,,,,,,,,,,,,,,,
1Abj05tDuik,Sahaayane,Sahaayane,D. Imman,Shreya Ghoshal,,,,,,,,,,,,,,,,
jAnWrlSuE4c,Sahiba,Sahiba,Jasleen Royal,Stebin Ben,Vijay Deverakonda,Radhikka Madan,Priya Saraiya,Aditya Sharma,,,,,,,,,,,,
sPHRoZFnEkU,"Sai Pallavi's Intro (From ""Amaran"")","Sai Pallavi's Intro (From ""Amaran"")",G.V. Prakash Kumar,Sivakarthikeyan,Sai Pallavi,,,,,,,,,,,,,,,
dpRY8OnO60s,"Sakura Nikura (From ""Love Oh Love"")","Sakura Nikura (From ""Love Oh Love"")",foxn,VARUN,,,,,,,,,,,,,,,,
kXUY2xhX_rc,"Salambala (From ""Madharaasi"") (Tamil)","Salambala (From ""Madharaasi"") (Tamil)",Anirudh Ravichander,Sai Abhyankar,Super Subu,,,,,,,,,,,,,,,
peLhDdjKUWU,Samajavaragamana,Ala Vaikunthapurramuloo,Sid Sriram,,,,,,,,,,,,,,,,,
VQSGj59INDk,Sanatani phonk,Sanatani phonk,Pextyle,,,,,,,,,,,,,,,,,
iST1Jsmecps,"Sandakari Neethan (From ""Sangathamizhan"")","Sandakari Neethan (From ""Sangathamizhan"")",Vivek - Mervin,Anirudh Ravichander,Jonita Gandhi,Mervin Solomon,Prakash Francis,Vijay Sethupathi,Raashi Khanna,,,,,,,,,,,
OVnWYWavSwU,Sanjaari,Sanjaari,Ajay Anand C,,,,,,,,,,,,,,,,,
l-iO1B_IL50,Sara Sara Saara Kathu,Vaagai Sooda Vaa (Original Motion Picture Soundtrack),Chinmayi,,,,,,,,,,,,,,,,,
WHKkC5JQSgY,Saree,Dhamaal 4,Sanju Rathod,Tanishk Bagchi,G-SPXRK,Rashmi Virag,,,,,,,,,,,,,,
2KxA4C7PDO4,"Seemakaariye (From ""Saba Nayagan"")","Seemakaariye (From ""Saba Nayagan"")",Leon James,Sanjith Hegde,Karthik Netha,,,,,,,,,,,,,,,
PaZWdzIGiDQ,Shades of Kadhal,Shades of Kadhal,Maran,,,,,,,,,,,,,,,,,
iTvd5twk35o,Shiv Tandav Stotram (Har Har Shiv Shankar),Shiv Tandav Stotram (Har Har Shiv Shankar),Sachet Tandon,Parampara Tandon,,,,,,,,,,,,,,,,
CPVji98q1vs,Shyama Aan Baso,Shyama Aan Baso,Sachet Tandon,Parampara Tandon,Sachet Parampara,,,,,,,,,,,,,,,
8n0IcNGQ5RQ,"Singara Siriye (From ""Kantara"")","Singara Siriye (From ""Kantara"")",B. Ajaneesh Loknath,Vijay Prakash,Ananya Bhat,Nagraj Panar Valtur,Rishab Shetty,Sapthami Gowda,,,,,,,,,,,,
0MQwuGR_tr0,"Singari (From ""Dude"")","Singari (From ""Dude"")",Sai Abhyankkar,Pradeep Ranganathan,Sai Smriti,Semv.iii,,,,,,,,,,,,,,
r0VmFe3Ns8I,"Sithira Puthiri (From ""Think Indie"")","Sithira Puthiri (From ""Think Indie"")",Sai Abhyankkar,,,,,,,,,,,,,,,,,
uT_AVSSrM4A,"Sollamale Sollamale (From ""Virupaksha (Tamil)"")","Sollamale Sollamale (From ""Virupaksha (Tamil)"")",B. Ajaneesh Loknath,Sai Vignesh,Sai Dharam Tej,Samyuktha Menon,,,,,,,,,,,,,,
tz82mqCS0wA,"Solliduma (From ""Maargan"")","Solliduma (From ""Maargan"")",Vijay Antony,Laavardhan,Ajay Dhishan,Samuthirakani,Brigida,Deepshikha,Mahanathi Shankar,Vinodh Sagar,,,,,,,,,,
UYXDLraElGM,Sollitaley Ava Kaadhala,Kumki (Original Motion Picture Soundtrack),D. Imman,K.G. Ranjith,Shreya Ghoshal,Yugabharathi,,,,,,,,,,,,,,
by26N_QMZ9g,Sonna Puriyadhu,Hits Of Vijay,Vijay Antony,Veera Shankar,Genelia,Hansika Motwani,,,,,,,,,,,,,,
iOT9XJPsLP0,"Talku Lessu Worku Moreu (From ""Murungakkai Chips"")","Talku Lessu Worku Moreu (From ""Murungakkai Chips"")",Dharan Kumar,Sam Vishal,Sivaangi Krishnakumar,Shanthanu Bhagyaraj,Athulya Ravi,,,,,,,,,,,,,
N6_EvGT0ZfM,"Tauba Tauba (From ""Bad Newz"")","Tauba Tauba (From ""Bad Newz"")",Karan Aujla,Ammy Virk,Vicky Kaushal,Tripti Dimri,,,,,,,,,,,,,,
fJr0lTQvDKM,Thaedi Odunaen,Innimey Ippadithaan (Original Motion Picture Soundtrack),Santhosh Dhayanidhi,Aalap Raju,Santhanam,Akhila Kishore,Ashna Zaveri,,,,,,,,,,,,,
ljuEhK7eMEI,"Thangame Thangame (From ""Idhayam Murali"")","Thangame Thangame (From ""Idhayam Murali"")",Thaman S,D Dheeraj,Vivek,,,,,,,,,,,,,,,
eRWTSKGkNcY,Thanjavoor Jilla Kaari,Hits Of Vijay,Mani Sharma,Hemachandra,Saindhavi,Na. Muthukumar,Vijay,Tamannaah Bhatia,,,,,,,,,,,,
hTOmPUZlzq4,The One and Only,The One and Only,ENGFA WARAHA,,,,,,,,,,,,,,,,,
XG58BTSt8TY,The Trance of Shakthi,The Trance of Shakthi,Jitendra K,Narmada K S,Gokul Krishna,Dhwani Girish,Srinanda,,,,,,,,,,,,,
q6epwofsmwY,Thean Kudika,Maze in Idhayam,TeeJay,Pragathi Guruprasad,,,,,,,,,,,,,,,,
sHGVqrE4cI0,Thean Kudika,Maze in Idhayam,TeeJay,,,,,,,,,,,,,,,,,
dIXnCiKLLnA,"Thirudi (From ""Kiss"")","Thirudi (From ""Kiss"")",Jen Martin,Anirudh Ravichander,Ashique AR,Kavin,Preethi Anju Asrani,,,,,,,,,,,,,
CUpf7N6R_Fs,"Thiyagi Boys (From ""Coffee With Kadhal"")","Thiyagi Boys (From ""Coffee With Kadhal"")",Yuvan Shankar Raja,Hiphop Tamizha,,,,,,,,,,,,,,,,
HGLctktXp5o,"Tomato Thakkali (From ""Parimala and Co"")","Tomato Thakkali (From ""Parimala and Co"")",foxn,Anthony Daasan,Varma,,,,,,,,,,,,,,,
XZKe6V9tEwY,"Two Two Two (From ""Kaathuvaakula Rendu Kaadhal"")","Two Two Two (From ""Kaathuvaakula Rendu Kaadhal"")",Anirudh Ravichander,Sunidhi Chauhan,Sanjana Kalmanje,Vignesh Shivan,Vijay Sethupathi,Nayanthara,Samantha,,,,,,,,,,,
0VmpUJIkygk,Uchimandai,Hits Of Vijay,Vijay Antony,Krishna Iyer,Shoba Chandrasekhar,Charulatha Mani,Shakthisree Gopalan,Annamalai,Anushka,,,,,,,,,,,
SBOwcGnwuKM,Udi Udi,Udi Udi,Aneesh,Sarkar,Hruday,,,,,,,,,,,,,,,
NaxGE1C24vU,Ullukullara,Ullukullara,Madrasi,Araathi,Simrutha,,,,,,,,,,,,,,,
iwRpdtPV-1g,"Urugi Urugi (From ""Joe"")","Urugi Urugi (From ""Joe"")",Siddhu Kumar,Vignesh Ramakrishna,Anand Aravindakshan,,,,,,,,,,,,,,,
Lefa3v-Tkjk,Urugudhe Maragudhe,Veyil (Original Motion Picture Soundtrack),G.V. Prakash Kumar,Na.Muthukumar,Shreya Ghoshal,Shankar Mahadevan,,,,,,,,,,,,,,
32ChhKTQBzA,Uyir Uruvaatha,Iravukku Aayiram Kangal (Original Motion Picture Soundtrack),Sam C. S.,Sathya Prakash,Chinmayi Sripada,,,,,,,,,,,,,,,
WqF4z7EatUQ,Va Va Va Vannila,Aambala (Original Motion Picture Soundtrack),Hiphop Tamizha,Mohit Chauhan,Amrita Shekar,,,,,,,,,,,,,,,
YrIAk0cjAiQ,Vaa Poruluya,Kantara - Tamil (Original Motion Picture Soundtrack),B. Ajaneesh Loknath,Mime Ramdas,Shashiraj Kavoor,Rishab Shetty,Sapthami Gowda,,,,,,,,,,,,,
HzE0mvRG6hw,"Vaa Vasuki (From ""Seeru"")","Vaa Vasuki (From ""Seeru"")",D. Imman,Shivam Mahadevan,Jiiva,Riya Suman,,,,,,,,,,,,,,
gg6nJSx9CO0,Vaadi Pulla Vaadi,Vaadi Pulla Vaadi,Hiphop Tamizha,,,,,,,,,,,,,,,,,
C7MD1yTQfoc,Vaenguzhalil Ezhaindayadi,Kantara A Legend Chapter 1 - Tamil (Original Motion Picture Soundtrack),B. Ajaneesh Loknath,Madhan Karky,K. S. Harisankar,Chinmayi,,,,,,,,,,,,,,
ZLIRRhAxP2o,Vannamayilae,Vannamayilae,A K Prriyan,Akshaya Shivkumar,,,,,,,,,,,,,,,,
RsUKwo456FA,Varaha Roopam,Kantara A Legend Chapter 1 - Tamil (Original Motion Picture Soundtrack),B. Ajaneesh Loknath,Shasiraj Kavoor,Sai Vignesh,,,,,,,,,,,,,,,
egkU-6Jvj68,Varaha Roopam Daiva Va Rishtam,Kantara - Tamil (Original Motion Picture Soundtrack),B. Ajaneesh Loknath,Sai Vignesh,Shashiraj Kavoor,Rishab Shetty,Sapthami Gowda,,,,,,,,,,,,,
gC4f3VxjnKw,Vari Vari (Unna Kaadhaliche),Vari Vari (Unna Kaadhaliche),Dhee,,,,,,,,,,,,,,,,,
m-Bqui2cs_c,"Vazhithunaiye (From ""Dragon"")","Vazhithunaiye (From ""Dragon"")",Sid Sriram,Sanjana Kalmanje,Vignesh Shivan,Leon James,,,,,,,,,,,,,,
RbxYZOmyQgI,"Vazhiyiraen (From ""Madharaasi"") (Tamil)","Vazhiyiraen (From ""Madharaasi"") (Tamil)",Anirudh Ravichander,Kwame Fyah,Vignesh Shivan,,,,,,,,,,,,,,,
A7fexwQvWRc,Vellake,Vellake,Bharatt-Saurabh,Yazin Nizar,Anirudh Ravichander,Suresh Banisetti,Sugi Vijay,Alekhya Harika,,,,,,,,,,,,
yphnMAW2pao,Vilambara Idaiveli,Imaikkaa Nodigal,Christopher Stanley,Sudarshan Ashok,Srinisha Jayaseelan,Hiphop Tamizha,,,,,,,,,,,,,,
Zi0lKMzNEJA,Vinmeen,Thegidi (Original Motion Picture Soundtrack),Nivas K. Prasanna,Abhay Jodhpurkar,Saindhavi Prakash,,,,,,,,,,,,,,,
hzsyX2D8RDE,"Vintage Love (From ""Star"")","Vintage Love (From ""Star"")",Yuvan Shankar Raja,Kavin,Aaditi Pohankar,,,,,,,,,,,,,,,
NpjqsmURu9w,"Vizhi Veekura (From ""Think Indie"")","Vizhi Veekura (From ""Think Indie"")",Sai Abhyankkar,Sai Smriti,Adesh Krishna,,,,,,,,,,,,,,,
O0plbDEqlnk,"Watcha Udadha (From ""Parimala and Co"")","Watcha Udadha (From ""Parimala and Co"")",foxn,LRC,,,,,,,,,,,,,,,,
Y0rOk3_iAdc,Welcome To Hyderabad,Premalu - Tamil (Original Motion Picture Soundtrack),Vishnu Vijay,Naveen Bharathi,Suhail Koya,Shakthisree Gopalan,Kapil Kapilan,,,,,,,,,,,,,
iqLIq6dUjFY,Welcome To Hyderabad,Premalu,Harika Narayan,Ritesh G Rao,,,,,,,,,,,,,,,,
7Lu6yL93_tE,Yaar Azhaippadhu,Maara,Ghibran,Sid Sriram,,,,,,,,,,,,,,,,
6lza-Wd_UG0,Yaathi Yaathi,Yaathi Yaathi,Abhishek C S,Yazin Nizar,Anuradha Sriram,Ashwin Kumar,,,,,,,,,,,,,,
ufjoNlAg_2s,"Yaayum (From ""Sagaa"")","Yaayum (From ""Sagaa"")",Naresh Iyer,Rita Thyagarajan,,,,,,,,,,,,,,,,
TmF1hUwJwAc,"Yaenadi (From ""Adhagappattathu Magajanangalay"")","Yaenadi (From ""Adhagappattathu Magajanangalay"")",D. Imman,Karthik,Shreya Ghoshal,Umapathi,Reshma Rathore,,,,,,,,,,,,,
yCv6bNi_yOY,"Yedi (From ""Nilavuku En Mel Ennadi Kobam"")","Yedi (From ""Nilavuku En Mel Ennadi Kobam"")",G. V. Prakash Kumar,Vivek,Dhanush,Jonita Gandhi,Pavish,Anikha Surendran,Priya Prakash Varrier,Matthew Thomas,Venkatesh Menon,Rabiya Khatoon,Ramya Ranganathan,,,,,,,
HBFq1wiFVzA,Yen Uyirey,Maalai Pozhudhin Mayakathilaey (Original Motion Picture Soundtrack),Achu,,,,,,,,,,,,,,,,,
JMwMxynt2Qo,"Yendi Vittu Pona (From ""Dragon"")","Yendi Vittu Pona (From ""Dragon"")",Leon James,Silambarasan TR,Ko Sesha,,,,,,,,,,,,,,,
OTmdzHCS338,"Yeno Indru (From ""Think Indie"")","Yeno Indru (From ""Think Indie"")",Rakhooo,Anand Kashinath,Vaisagh,,,,,,,,,,,,,,,
M6jRGdR6Yro,Sweet Mint,Sweet Mint,The Milan,,,,,,,,,,,,,,,,,





